<?xml version="1.0" encoding="UTF-8"?>
<Configuration status="WARN">
<Properties>
        <Property name="filename">logs</Property>
    </Properties>
  <Appenders>
  <RollingFile name="RollingFile"  fileName="${filename}/Logs"  filePattern="${filename}/Logs-%d{MM-dd-yyyy}.log">
      <PatternLayout>
        <Pattern>%d{dd:MM:yyyy - HH:mm:ss.SSS} %-3p %C{3} [%t] - %m%n</Pattern>
      </PatternLayout>
      <SizeBasedTriggeringPolicy size="5KB"/>
    </RollingFile>
    <Console name="Console" target="SYSTEM_OUT">
      <PatternLayout pattern="%d{HH:mm:ss.SSS} [%t] %-5level %logger{36} - %msg%n"/>
    </Console>
  </Appenders>
  <Loggers>
  <Logger name="src.test.Integrated_code" level="trace" additivity="false">
            <AppenderRef ref="RollingFile" />
        </Logger>
    <Root level="trace">
      <AppenderRef ref="RollingFile" />
    </Root>
  </Loggers>
</Configuration>