<?xml version="1.0" encoding="UTF-8"?>
<!DOCTYPE suite SYSTEM "https://testng.org/testng-1.0.dtd">
<suite name="Suite">
  <test thread-count="5" name="Test">
    <classes>
      <class name="test.UpdatePhoneNumberTest"/>
      <class name="test.Integrated_code"/>
      <class name="test.OpenSavingAccountTest"/>
      <class name="test.OpenNewAccountTest"/>
      <class name="test.UserLoginTest"/>
      <class name="test.UserRegistrationTest"/>
      <class name="test.TransactionHistoryTest"/>
      <class name="test.TransferAmmountTest"/>
    </classes>
  </test> <!-- Test -->
</suite> <!-- Suite -->
